{"ETHBTC": 249.99158427, "WBTCBTC": 181.55888435, "SOLBTC": 115.10304089, "XRPBTC": 58.45888189, "BNBBTC": 22.85059073, "ADABTC": 16.31085189, "TRXBTC": 14.66820168, "BCHBTC": 13.40394469, "SBTC": 11.94797223, "DOGEBTC": 11.88962993, "BERABTC": 11.59865497, "LTCBTC": 11.36518338, "NEOBTC": 11.20923696, "MKRBTC": 10.89410182, "AVAXBTC": 10.41754905, "SUIBTC": 10.33732929, "STXBTC": 8.71157167, "LINKBTC": 7.87430252, "AUCTIONBTC": 6.82372551, "HBARBTC": 5.8746112, "XLMBTC": 5.85528992, "STRAXBTC": 5.77151953, "EOSBTC": 5.52197128, "VETBTC": 4.97682992, "RENDERBTC": 4.38223812, "CRVBTC": 4.02485785, "WLDBTC": 3.86395444, "ATOMBTC": 3.83820225, "CAKEBTC": 3.53210076, "AXSBTC": 3.48871082, "NEXOBTC": 3.35394606, "ARBBTC": 3.23999881, "ETCBTC": 3.01892269, "FETBTC": 2.83503066, "LAYERBTC": 2.74545731, "ENABTC": 2.73972942, "CFXBTC": 2.67579441, "FILBTC": 2.55464606, "INJBTC": 2.50952111, "PAXGBTC": 2.37663377, "ALGOBTC": 2.18473308, "ZECBTC": 2.11414679, "AAVEBTC": 2.0448013, "SUSHIBTC": 2.03119087, "TONBTC": 2.02403817, "XTZBTC": 1.92120662, "EGLDBTC": 1.77062396, "DOTBTC": 1.74482974, "GRTBTC": 1.72960316, "RAREBTC": 1.69335084, "NEARBTC": 1.67456448, "ICPBTC": 1.64903728, "APTBTC": 1.62488513, "WIFBTC": 1.61596233, "ZROBTC": 1.52057736, "THETABTC": 1.47359675, "QNTBTC": 1.46151274, "PENDLEBTC": 1.43372173, "COMPBTC": 1.3712267, "COTIBTC": 1.30170125, "SANDBTC": 1.28934402, "RUNEBTC": 1.16414709, "SLFBTC": 1.10448508, "TIABTC": 1.02326826, "KAVABTC": 1.00439565, "ARKMBTC": 0.97609761, "AGLDBTC": 0.97443022, "UNIBTC": 0.97088566, "TAOBTC": 0.96504951, "IMXBTC": 0.93329452, "BICOBTC": 0.90762738, "MANTABTC": 0.82097189, "ENSBTC": 0.81813488, "MEBTC": 0.78687074, "MTLBTC": 0.76246984, "STPTBTC": 0.74933898, "LTOBTC": 0.72032492, "ORDIBTC": 0.71800749, "POLBTC": 0.71741304, "FLOWBTC": 0.68054775, "SEIBTC": 0.67887392, "IOTABTC": 0.66615457, "GASBTC": 0.65733969, "ARDRBTC": 0.62953849, "KSMBTC": 0.53835192, "SSVBTC": 0.51953523, "ZKBTC": 0.51436568, "RONINBTC": 0.5105853, "API3BTC": 0.50928885, "RVNBTC": 0.5088607, "AXLBTC": 0.50320989, "LPTBTC": 0.49626019, "FLMBTC": 0.4823487, "MANABTC": 0.47788587, "ELFBTC": 0.4721685, "HFTBTC": 0.46709597, "NKNBTC": 0.45536628, "SUPERBTC": 0.44865115, "RIFBTC": 0.44167454, "ROSEBTC": 0.4399422}